platform,job_title,category,skills_required,job_type,budget_usd,location_preference,duration_estimate,url
Freelancer.com,Video Editing Tutor for Personal Project,Mixed,,Fixed,75,Worldwide,Short-term,https://www.freelancer.com/projects/video-editing-tutor-for-personal
Freelancer.com,Development of an AI-Powered Stock Analysis Platform,Mixed,"Android, HTML, JavaScript, PHP, Website Design",Fixed,30992,Worldwide,Short-term,https://www.freelancer.com/projects/android/development-powered-stock-analysis
Freelancer.com,Bookkeeping and VAT Returns Support,Mixed,,Fixed,89,Worldwide,Short-term,https://www.freelancer.com/projects/bookkeeping-vat-returns-support-fix
Freelancer.com,Dynamic Fashion Video Editor,Mixed,"After Effects, Animation, Video Editing, Video Production, Videography",Fixed,94,Worldwide,Short-term,https://www.freelancer.com/projects/video-editing/dynamic-fashion-video-editor
Freelancer.com,"Education document verification required from the Catholic University of Louvain, Belgium",Mixed,"Data Collection, Excel, PDF, Word",Fixed,28,Worldwide,Short-term,https://www.freelancer.com/projects/data-collection/education-document-verification-required
Freelancer.com,"High Level Software Marketing Specialist using ""High Level"" software package",Mixed,"Facebook Marketing, Google Adwords, Internet Marketing, Marketing, Sales",Fixed,18,Worldwide,Short-term,https://www.freelancer.com/projects/internet-marketing/high-level-software-marketing-specialist
Freelancer.com,Developer Interview Proxy,Mixed,"Mobile App Development, Website Design",Fixed,18,Worldwide,Short-term,https://www.freelancer.com/projects/website-design/developer-interview-proxy
Freelancer.com,Classic Passbook Design,Mixed,"Graphic Design, Illustrator, Logo Design, Photoshop, Photoshop Design",Fixed,12,Worldwide,Short-term,https://www.freelancer.com/projects/graphic-design/classic-passbook-design
Freelancer.com,Quick Photoshop Task - Face Swap,Mixed,"Graphic Design, Illustrator, Photo Editing, Photoshop, Photoshop Design",Fixed,19,Worldwide,Short-term,https://www.freelancer.com/projects/graphic-design/quick-photoshop-task-face-swap
Freelancer.com,Massage parlor logo,Mixed,"Graphic Design, Illustrator, Logo Design, Photoshop, Photoshop Design",Fixed,28,Worldwide,Short-term,https://www.freelancer.com/projects/logo-design/massage-parlor-logo
Freelancer.com,Skilled Worker Recruiter for Europe,Mixed,"Data Entry, Web Search",Fixed,117,Worldwide,Short-term,https://www.freelancer.com/projects/web-search/skilled-worker-recruiter-for-europe
Freelancer.com,Central AC HVAC Design for Large Home,Mixed,"AutoCAD, Building Architecture, CAD/CAM",Fixed,387,Worldwide,Short-term,https://www.freelancer.com/projects/autocad/central-hvac-design-for-large
Freelancer.com,Investment Firm Website Redesign,Mixed,"Graphic Design, HTML, PHP, Website Design",Fixed,55,Worldwide,Short-term,https://www.freelancer.com/projects/graphic-design/investment-firm-website-redesign
Freelancer.com,Modern Minimalist Logo Design for our company name....imaginAble Studio,Mixed,"Graphic Design, Illustrator, Logo Design, Photoshop, Photoshop Design",Fixed,50,Worldwide,Short-term,https://www.freelancer.com/contest/modern-minimalist-logo-design-for-our-company-nameimaginable-studio-2581227
Freelancer.com,Single-Family Home Construction,Mixed,"Building Architecture, Business Plans, Home Design, Project Management, Report Writing",Fixed,33,Worldwide,Short-term,https://www.freelancer.com/projects/building-architecture/single-family-home-construction-39547013
Freelancer.com,Comprehensive Home Maintenance and Cleaning Services,Mixed,"Logo Animation, Logo Design, Website Design",Fixed,25,Worldwide,Short-term,https://www.freelancer.com/contest/comprehensive-home-maintenance-and-cleaning-services-2581224
Freelancer.com,Odoo 18 Hospital ERP Customization,Mixed,"ERP, Linux, PostgreSQL, Python",Fixed,140,Worldwide,Short-term,https://www.freelancer.com/projects/python/odoo-hospital-erp-customization
Freelancer.com,Meesho Catalogue Setup,Mixed,"Amazon Web Services, Data Entry, Data Processing, eBay, Product Descriptions",Fixed,73,Worldwide,Short-term,https://www.freelancer.com/projects/ebay/meesho-catalogue-setup
Freelancer.com,iOS App ASO Specialist Needed,Mixed,"Internet Marketing, Link Building, Marketing, Search Engine Marketing, SEO",Fixed,17,Worldwide,Short-term,https://www.freelancer.com/projects/internet-marketing/ios-app-aso-specialist-needed
Freelancer.com,Psychology Platform for Employee,Mixed,"C# Programming, Graphic Design, HTML, Java, MySQL, Python, Website Design",Fixed,461,Worldwide,Short-term,https://www.freelancer.com/projects/website-design/psychology-platform-for-employee
Freelancer.com,Corporate Sales Flyer Design,Mixed,"Advertisement Design, Brochure Design, Flyer Design, Graphic Design, Photoshop",Fixed,31,Worldwide,Short-term,https://www.freelancer.com/projects/graphic-design/corporate-sales-flyer-design
Freelancer.com,Expert Needed: YouTube Thumbnail & Title,Mixed,"Article Writing, Content Writing, Copywriting, Ghostwriting, Internet Marketing",Fixed,21,Worldwide,Short-term,https://www.freelancer.com/projects/content-writing/expert-needed-youtube-thumbnail-title
Freelancer.com,Website Marketing Copy Writer - 26/06/2025 12:21 EDT,Mixed,"Article Writing, Content Writing, Copywriting, Ghostwriting, Marketing",Fixed,29,Worldwide,Short-term,https://www.freelancer.com/projects/articles/website-marketing-copy-writer-edt
Freelancer.com,Social Media Video Editor,Mixed,"After Effects, Video Editing, Video Production, Video Services, Videography",Fixed,18,Worldwide,Short-term,https://www.freelancer.com/projects/video-editing/social-media-video-editor-39550082
Freelancer.com,Convert JPEGs to Organized PDFs,Mixed,"Copy Typing, Data Entry, Excel, PDF, Photoshop",Fixed,105,Worldwide,Short-term,https://www.freelancer.com/projects/pdf/convert-jpegs-organized-pdfs
Freelancer.com,Python Developer for Automated Stock Trading -- 2,Mixed,"Python, Software Architecture, Statistical Analysis, Statistics",Fixed,102,Worldwide,Short-term,https://www.freelancer.com/projects/python/python-developer-for-automated-stock-39550086
Freelancer.com,Off-Page SEO for Kids' Fashion,Mixed,"Blog Writing, Internet Marketing, Link Building, Marketing, SEO, Technical Writing, White Hat SEO",Fixed,89,Worldwide,Short-term,https://www.freelancer.com/projects/seo/off-page-seo-for-kids
Freelancer.com,Urgent Financial Dashboard Development,Mixed,"Accounting, Excel, Excel Macros, Excel VBA, Finance",Fixed,15,Worldwide,Short-term,https://www.freelancer.com/projects/excel/urgent-financial-dashboard-development
Freelancer.com,College Attendance System Development,Mixed,"Android, Mobile App Development, MySQL, PHP, Software Architecture",Fixed,293,Worldwide,Short-term,https://www.freelancer.com/projects/android/college-attendance-system-development
Freelancer.com,Data Entry and Cleanup Specialist Needed,Mixed,"Data Entry, Excel",Fixed,2,Worldwide,Short-term,https://www.freelancer.com/projects/excel/data-entry-cleanup-specialist-needed-39550066
Freelancer.com,Figma to Responsive HTML/CSS/JS Conversion,Mixed,"CSS, HTML, JavaScript, PSD to HTML, Website Design",Fixed,7,Worldwide,Short-term,https://www.freelancer.com/projects/css/figma-responsive-html-css-conversion-39550078
Freelancer.com,Share Your Experience -- 3,Mixed,"Amazon, Data Entry, Excel, Product Sourcing",Fixed,25,Worldwide,Short-term,https://www.freelancer.com/projects/excel/share-your-experience-39550067
Freelancer.com,Epic Song Beat Marker,Mixed,"Audio Production, Audio Services, Sound Design, Video Editing, Video Services",Fixed,24,Worldwide,Short-term,https://www.freelancer.com/projects/video-editing/epic-song-beat-marker
Freelancer.com,Reliable Facebook Ads Manager,Mixed,"Advertising, Facebook Marketing, Internet Marketing, Marketing, Social Media Marketing",Fixed,6,Worldwide,Short-term,https://www.freelancer.com/projects/facebook-marketing/reliable-facebook-ads-manager
Freelancer.com,Modern 3D Staircase Rendering Expert Needed -- 3,Mixed,"3D Modelling, 3D Rendering, 3ds Max, Home Design, Interior Design",Fixed,57,Worldwide,Short-term,https://www.freelancer.com/projects/rendering/modern-staircase-rendering-expert-needed-39550074
Freelancer.com,WP Dev for GeneratePress Relauch,Mixed,"CSS, HTML, PHP, React.js, REST API, Website Design, WordPress",Fixed,12,Worldwide,Short-term,https://www.freelancer.com/projects/php/dev-for-generatepress-relauch
Freelancer.com,Lawyer Data Collection,Mixed,"Data Entry, Data Mining, Excel, Web Scraping, Web Search",Fixed,135,Worldwide,Short-term,https://www.freelancer.com/projects/data-entry/lawyer-data-collection
Freelancer.com,Fun Birthday & Housewarming Invitation Design,Mixed,"Graphic Design, Icon Design, Illustration, Illustrator, Logo Design, Photoshop, Photoshop Design",Fixed,27,Worldwide,Short-term,https://www.freelancer.com/contest/fun-birthday-amp-housewarming-invitation-design-2581220
Freelancer.com,Laravel & Vue.js Web App Development,Mixed,"AngularJS, Bootstrap, Laravel, MySQL, PHP",Fixed,473,Worldwide,Short-term,https://www.freelancer.com/projects/php/laravel-vue-web-app-development-39550064
Freelancer.com,Tally-ERP Data Synchronization Connector,Mixed,"Database Administration, Database Programming, Microsoft Access, SQL, Tally Definition Language",Fixed,15,Worldwide,Short-term,https://www.freelancer.com/projects/database-administration/tally-erp-data-synchronization-connector-39550027
Freelancer.com,Xero Payroll Troubleshooting Expert,Mixed,"Accounting, Bookkeeping, Finance, Intuit QuickBooks, Xero",Fixed,125,Worldwide,Short-term,https://www.freelancer.com/projects/accounting/xero-payroll-troubleshooting-expert
Freelancer.com,Fillable PDF Creation,Mixed,"Data Entry, Electronic Forms, Excel, PDF, Word",Fixed,17,Worldwide,Short-term,https://www.freelancer.com/projects/data-entry/fillable-pdf-creation-39550059
Freelancer.com,"Nostalgic Book Cover Design for ""In The Blink Of An Eye"" - 26/06/2025 12:12 EDT",Mixed,"Graphic Design, Illustration, Illustrator, Logo Design, Photoshop",Fixed,274,Worldwide,Short-term,https://www.freelancer.com/contest/nostalgic-book-cover-design-for-quotin-the-blink-of-an-eyequot-edt-2581219
Freelancer.com,Minimalist Phoenix Logo Design,Mixed,"Banner Design, Graphic Design, Illustrator, Logo Design, Photoshop",Fixed,50,Worldwide,Short-term,https://www.freelancer.com/contest/minimalist-phoenix-logo-design-2581218
Freelancer.com,Steel Bicycle Box Drawings,Mixed,"3D Modelling, AutoCAD, Building Architecture, CAD/CAM, Fusion 360, Product Design, Solidworks",Fixed,611,Worldwide,Short-term,https://www.freelancer.com/projects/cad-cam/steel-bicycle-box-drawings
Freelancer.com,E-commerce Site Design -- 2,Mixed,"eCommerce, Graphic Design, HTML, Photoshop Coding, Website Design",Fixed,71,Worldwide,Short-term,https://www.freelancer.com/projects/website-design/commerce-site-design-39550045
Freelancer.com,Sales Executive for BPO in Navi Mumbai,Mixed,"Customer Support, Data Entry, Sales, Telemarketing, Virtual Assistant",Fixed,291,Worldwide,Short-term,https://www.freelancer.com/projects/telemarketing/sales-executive-for-bpo-navi
Freelancer.com,Microsoft Access Database Formatting,Mixed,"Data Entry, Data Processing, Database Programming, Excel, Microsoft Access",Fixed,26,Worldwide,Short-term,https://www.freelancer.com/projects/microsoft-access/microsoft-access-database-formatting
Freelancer.com,SEO Content Writer Needed - 26/06/2025 12:09 EDT,Mixed,"Article Rewriting, Article Writing, Content Writing, Copywriting, Research Writing, SEO, Technical Writing",Fixed,103,Worldwide,Short-term,https://www.freelancer.com/projects/article-rewriting/seo-content-writer-needed-edt
Freelancer.com,Document Variable Comparison Task - Data Entry,Mixed,"Data Entry, Data Extraction, Data Processing, Excel, Microsoft Office",Fixed,18,Worldwide,Short-term,https://www.freelancer.com/projects/excel/document-variable-comparison-task-data
Freelancer.com,SEO & Marketing Wiz for Bahamas Tours Website,Mixed,"Copywriting, Google Adwords, Internet Marketing, Link Building, Marketing, Sales, SEO, Website Design",Fixed,369,Worldwide,Short-term,https://www.freelancer.com/projects/seo/seo-marketing-wiz-for-bahamas
Freelancer.com,Portrait Retouching Specialist,Mixed,"Adobe Lightroom, Photo Editing, Photography, Photoshop, Photoshop Design",Fixed,19,Worldwide,Short-term,https://www.freelancer.com/projects/photoshop/portrait-retouching-specialist-39550032
Freelancer.com,Analyze Police Body Cam Footage,Mixed,"After Effects, Video Editing, Video Production, Video Services, Videography",Fixed,18,Worldwide,Short-term,https://www.freelancer.com/projects/video-editing/analyze-police-body-cam-footage
Freelancer.com,Electrical Panel Manufacturing Plan - 26/06/2025 12:03 EDT,Mixed,"Circuit Design, Electrical Engineering, Electronics, PCB Layout, Translation",Fixed,10,Worldwide,Short-term,https://www.freelancer.com/contest/electrical-panel-manufacturing-plan-edt-2581214
Freelancer.com,Instagram Reels Content Creator & Editor,Mixed,"After Effects, Video Editing, Video Production, Video Services, Videography",Fixed,12,Worldwide,Short-term,https://www.freelancer.com/projects/video-editing/instagram-reels-content-creator-editor
Freelancer.com,Part-Time Cold Caller Needed,Mixed,"Sales, Telemarketing, Telephone Handling, Virtual Assistant, Voice Talent",Fixed,9,Worldwide,Short-term,https://www.freelancer.com/projects/telemarketing/part-time-cold-caller-needed-39550021
Freelancer.com,AWS Maintenance and Optimization Specialist,Mixed,"Amazon Web Services, Cloud Computing, Linux, Ubuntu, Web Hosting",Fixed,125,Worldwide,Short-term,https://www.freelancer.com/projects/amazon-web-services/aws-maintenance-optimization-specialist
Freelancer.com,Minimalist Emotion-Themed Line Art,Mixed,"Caricature & Cartoons, Graphic Design, Illustration, Illustrator, Logo Design",Fixed,332,Worldwide,Short-term,https://www.freelancer.com/projects/caricature-cartoons/minimalist-emotion-themed-line-art
Freelancer.com,Social Media Manager for Sales,Mixed,"Content Writing, Facebook Marketing, Marketing, Social Media Marketing, Twitter",Fixed,100,Worldwide,Short-term,https://www.freelancer.com/projects/social-media-marketing/social-media-manager-for-sales-39550016
Freelancer.com,Engaging Voice Over for Training Video -- 2,Mixed,"Audio Production, Audio Services, Commercials, Music, Voice Artist, Voice Talent",Fixed,23,Worldwide,Short-term,https://www.freelancer.com/projects/audio-services/engaging-voice-over-for-training
Freelancer.com,Modern Logo Design for Apparel Brand,Mixed,"Graphic Design, Illustration, Illustrator, Logo Design, Photoshop",Fixed,20,Worldwide,Short-term,https://www.freelancer.com/contest/modern-logo-design-for-apparel-brand-2581208
Freelancer.com,Google Sheets Automation for Inventory,Mixed,"Excel, Google App Engine, JavaScript, PHP, Software Architecture",Fixed,160,Worldwide,Short-term,https://www.freelancer.com/projects/php/google-sheets-automation-for-inventory
Freelancer.com,Website Overhaul with WHMCS Integration,Mixed,"Graphic Design, HTML, PHP, Website Design, WHMCS",Fixed,457,Worldwide,Short-term,https://www.freelancer.com/projects/php/website-overhaul-with-whmcs-integration
Freelancer.com,Trendy TikTok Video Editor -- 2,Mixed,"After Effects, Video Production, Videography",Fixed,18,Worldwide,Short-term,https://www.freelancer.com/projects/video-production/trendy-tiktok-video-editor
Freelancer.com,Content Creation Specialist Needed -- 2,Mixed,"Article Writing, Blog, Content Writing, Copywriting, Ghostwriting",Fixed,17,Worldwide,Short-term,https://www.freelancer.com/projects/content-writing/content-creation-specialist-needed-39550005
Freelancer.com,Vinted Clone Development,Mixed,"Engineering, MySQL",Fixed,4161,Worldwide,Short-term,https://www.freelancer.com/projects/mysql/vinted-clone-development
Freelancer.com,Grant Finder for Health Startups,Mixed,"Grant Writing, Internet Research, Market Research, Research, Research Writing",Fixed,1023,Worldwide,Short-term,https://www.freelancer.com/projects/internet-research/grant-finder-for-health-startups
Freelancer.com,"Looking to Develop Software to Extract Data from WhatsApp, Telegram, WeChat Profiles (Up to a Billion Contacts)",Mixed,"Automation, Node.js, Puppet, Python, Selenium",Fixed,443,Worldwide,Short-term,https://www.freelancer.com/projects/python/looking-develop-software-extract-data
Freelancer.com,Cinematic Wedding Video Editor,Mixed,"After Effects, Video Editing, Video Production, Video Services, Videography",Fixed,277,Worldwide,Short-term,https://www.freelancer.com/projects/video-editing/cinematic-wedding-video-editor-39550001
Freelancer.com,Stellar Soroban Developer for Fintech Startup,Mixed,"Article Writing, Data Entry, Logo Design, Mobile App Development, Website Design",Fixed,2222,Worldwide,Short-term,https://www.freelancer.com/projects/website-design/stellar-soroban-developer-for-fintech
Freelancer.com,Cross-Platform Scientific Image App Development,Mixed,"Android, Graphic Design, iPhone, Mobile App Development, User Interface / IA",Fixed,226,Worldwide,Short-term,https://www.freelancer.com/projects/iphone-app-development/cross-platform-scientific-image-app
Freelancer.com,Indian Wedding Video Editing,Mixed,"Audio Services, Video Editing, Video Production, Video Services, Videography",Fixed,232,Worldwide,Short-term,https://www.freelancer.com/projects/video-editing/indian-wedding-video-editing-39549990
Freelancer.com,Modern Monogram Logo,Mixed,"Graphic Design, Logo Design",Fixed,15,Worldwide,Short-term,https://www.freelancer.com/projects/logo-design/modern-monogram-logo
Freelancer.com,Mobile Game Modding Specialist,Mixed,"Android, Game Design, Game Development, iPhone, Mobile App Development",Fixed,190,Worldwide,Short-term,https://www.freelancer.com/projects/game-development/mobile-game-modding-specialist
Freelancer.com,Social Media VA for New Platforms,Mixed,"Facebook Marketing, Instagram, Internet Marketing, Social Media Marketing, Virtual Assistant",Fixed,352,Worldwide,Short-term,https://www.freelancer.com/projects/social-media-marketing/social-media-for-new-platforms
Freelancer.com,Premium Wood Product Portfolio Website Creation,Mixed,"Graphic Design, HTML, PHP, User Interface / IA, Website Design",Fixed,259,Worldwide,Short-term,https://www.freelancer.com/projects/website-design/premium-wood-product-portfolio-website
Freelancer.com,Realistic Portraits Digital Art Sales,Mixed,"ChatGPT, Etsy",Fixed,99,Worldwide,Short-term,https://www.freelancer.com/projects/chatgpt/realistic-portraits-digital-art-sales
Freelancer.com,Embedded Systems Developer for Indoor Tracking,Mixed,"Arduino, Bluetooth Low Energy (BLE), C Programming, Electronics, Microcontroller",Fixed,11,Worldwide,Short-term,https://www.freelancer.com/projects/electronics/embedded-systems-developer-for-indoor
Freelancer.com,3D dora  10 web  Ai,Mixed,"3D Rendering, AI Model Development, SEO, Training, Website Design, WordPress",Fixed,24,Worldwide,Short-term,https://www.freelancer.com/projects/rendering/dora-web
Freelancer.com,Earthy Hippie-Inspired Logo Design,Mixed,"Graphic Design, Illustration, Illustrator, Logo Design, Photoshop",Fixed,27,Worldwide,Short-term,https://www.freelancer.com/projects/logo-design/earthy-hippie-inspired-logo-design
Freelancer.com,Logo con effetti pixel,Mixed,"Adobe Illustrator, Graphic Design, Illustrator, Logo Design, Photoshop",Fixed,11,Worldwide,Short-term,https://www.freelancer.com/contest/logo-con-effetti-pixel-2581205
Freelancer.com,Dynamic Animated YouTube Video Editor,Mixed,"After Effects, Animation, Video Editing, Video Production, Video Services",Fixed,18,Worldwide,Short-term,https://www.freelancer.com/projects/video-editing/dynamic-animated-youtube-video-editor
Freelancer.com,Natural Photo Editing for Instagram,Mixed,"Adobe Lightroom, Photo Editing, Photography, Photoshop, Photoshop Design",Fixed,10,Worldwide,Short-term,https://www.freelancer.com/projects/photoshop/natural-photo-editing-for-instagram
Freelancer.com,Task Management System Creation,Mixed,"Excel, Excel Macros, Excel VB Capabilities, Excel VBA, HTML, PHP, Project Management, Software Architecture",Fixed,54,Worldwide,Short-term,https://www.freelancer.com/contest/task-management-system-creation-2581203
Freelancer.com,Residential Drafter Needed for Lakefront Home,Mixed,"AutoCAD, Building Architecture, CAD/CAM, Home Design, Interior Design",Fixed,371,Worldwide,Short-term,https://www.freelancer.com/projects/autocad/residential-drafter-needed-for-lakefront
Freelancer.com,Google Publisher Center Setup for News Articles,Mixed,"Internet Marketing, SEO",Fixed,22,Worldwide,Short-term,https://www.freelancer.com/projects/seo/google-publisher-center-setup-for
Freelancer.com,Classic Business Card Design,Mixed,"Business Card Design, Graphic Design, Logo Design, Photoshop, Photoshop Design",Fixed,77,Worldwide,Short-term,https://www.freelancer.com/projects/graphic-design/classic-business-card-design-39549939
Freelancer.com,E-commerce Website Development,Mixed,"eCommerce, HTML, PHP, Shopping Cart Integration, Website Design",Fixed,260,Worldwide,Short-term,https://www.freelancer.com/projects/ecommerce/commerce-website-development-39549936
Freelancer.com,Corporate PowerPoint Revamp,Mixed,"Adobe InDesign, Brochure Design, Graphic Design, Powerpoint, Presentations",Fixed,33,Worldwide,Short-term,https://www.freelancer.com/projects/powerpoint/corporate-powerpoint-revamp-39549933
Freelancer.com,Astrology-Themed Website Transfer and Animation,Mixed,"Graphic Design, HTML, PHP, Website Design, WordPress",Fixed,789,Worldwide,Short-term,https://www.freelancer.com/projects/graphic-design/astrology-themed-website-transfer
Freelancer.com,"Need VFX Artist for Green Screen Editing, Particle Effects & Warm Night Color Grading",Mixed,"After Effects, Animation, Video Editing, Video Production, Video Services",Fixed,46,Worldwide,Short-term,https://www.freelancer.com/projects/after-effects/need-vfx-artist-for-green
Freelancer.com,تصميم 3D لمبنى مستقبلي -- 2,Mixed,"3D Animation, 3D Modelling, 3D Rendering, 3ds Max, AutoCAD",Fixed,142,Worldwide,Short-term,https://www.freelancer.com/projects/3d-modelling/project-39549930
Freelancer.com,Mod Installation Help for Bannerlord,Mixed,"Game Design, HTML, Linux, Modding, PHP, System Admin",Fixed,28,Worldwide,Short-term,https://www.freelancer.com/projects/php/mod-installation-help-for-bannerlord
Freelancer.com,Service Appointment Booking Script for website,Mixed,"Graphic Design, HTML, MySQL, PHP, Python, Website Design",Fixed,199,Worldwide,Short-term,https://www.freelancer.com/projects/php/service-appointment-booking-script-for
Freelancer.com,Laravel API and WooCommerce Integration,Mixed,"HTML, MySQL, PHP, Software Architecture, WordPress",Fixed,31,Worldwide,Short-term,https://www.freelancer.com/projects/php/laravel-api-woocommerce-integration
Freelancer.com,OEM Boat Engine Parts Website Development,Mixed,"eCommerce, HTML, MySQL, PHP, Software Architecture, Software Testing, Web Hosting, Website Design, Website Testing, WordPress",Fixed,856,Worldwide,Short-term,https://www.freelancer.com/projects/ecommerce/oem-boat-engine-parts-website
Freelancer.com,OEM Boat Engine Parts Website Development,Mixed,"eCommerce, HTML, MySQL, PHP, Software Architecture, Software Testing, Web Hosting, Website Design, Website Testing, WordPress",Fixed,851,Worldwide,Short-term,https://www.freelancer.com/projects/ecommerce/oem-boat-engine-parts-website
Freelancer.com,Fix Laravel App Frontend (NextJS) Bugs,Mixed,"AngularJS, HTML, JavaScript, Laravel, Next.js, PHP",Fixed,19,Worldwide,Short-term,https://www.freelancer.com/projects/laravel/fix-laravel-app-frontend-nextjs
Freelancer.com,Advanced Car Listing Website & Chatbot Development -- 3,Mixed,"AI Chatbot Development, Google App Engine, JavaScript, PHP, Python, Software Architecture, Web Hosting, Web Scraping, Website Management",Fixed,25,Worldwide,Short-term,https://www.freelancer.com/projects/php/advanced-car-listing-website-chatbot-39549918
Freelancer.com,Gamification for Mental Health Platform,Mixed,"Android, Game Design, Game Development, iPhone, Mobile App Development",Fixed,1624,Worldwide,Short-term,https://www.freelancer.com/projects/android/gamification-for-mental-health-platform
Freelancer.com,Test Prep Educational Platform Development -- 2,Mixed,"Graphic Design, iPhone, Mobile App Development, PHP, Website Design",Fixed,314,Worldwide,Short-term,https://www.freelancer.com/projects/website-design/test-prep-educational-platform
Freelancer.com,Launch Digital E-book Business on Etsy,Mixed,"ChatGPT, Etsy, Facebook Marketing, Internet Marketing, Marketing, Sales, Social Media Marketing",Fixed,43,Worldwide,Short-term,https://www.freelancer.com/projects/facebook-marketing/launch-digital-book-business-etsy
Freelancer.com,Swan dalga modellemesi ve blue kenue ile gösterim ile ilgili proje -- 2,Mixed,"Construction Engineering, Engineering",Fixed,30,Worldwide,Short-term,https://www.freelancer.com/projects/engineering/swan-dalga-modellemesi-blue-kenue-39549895
Freelancer.com,Modern Minimalist Brand Designer,Mixed,"Business Card Design, Graphic Design, Illustrator, Logo Design, Photoshop",Fixed,27,Worldwide,Short-term,https://www.freelancer.com/projects/graphic-design/modern-minimalist-brand-designer
Freelancer.com,Real Estate Deal Manager Needed,Mixed,"Contracts, Employment Law, Legal, Legal Research, Legal Writing",Fixed,2035,Worldwide,Short-term,https://www.freelancer.com/projects/legal/real-estate-deal-manager-needed
Freelancer.com,4 minute animation,Mixed,"3D Animation, Adobe Flash, After Effects, Animation, Caricature & Cartoons",Fixed,20,Worldwide,Short-term,https://www.freelancer.com/projects/animation/minute-animation-39549888
Freelancer.com,Dimensional Layout for Equipment and Housing CAD,Mixed,"3D Animation, 3D Modelling, AutoCAD, Excel",Fixed,16,Worldwide,Short-term,https://www.freelancer.com/projects/autocad/dimensional-layout-for-equipment-housing
Freelancer.com,Social Media Marketing Video Creation,Mixed,"Facebook Marketing, Pinterest, Social Media Marketing, Twitter, YouTube",Fixed,18,Worldwide,Short-term,https://www.freelancer.com/projects/facebook-marketing/social-media-marketing-video-creation-39549880
Freelancer.com,Ongoing Modern Graphic Design Specialist,Mixed,"Business Card Design, Graphic Design, Logo Design, Photoshop, Poster Design",Fixed,28,Worldwide,Short-term,https://www.freelancer.com/projects/graphic-design/ongoing-modern-graphic-design-specialist
Freelancer.com,Engaging Voice Over for Training Video,Mixed,"Audio Production, Audio Services, Commercials, Music, Voice Artist, Voice Talent",Fixed,26,Worldwide,Short-term,https://www.freelancer.com/projects/voice-talent/engaging-voice-over-for-training
Freelancer.com,HTML Layout Fixes,Mixed,"CSS, Graphic Design, HTML, PHP, Website Design",Fixed,12,Worldwide,Short-term,https://www.freelancer.com/projects/html/html-layout-fixes
Freelancer.com,Minimalistic Portfolio Website Development,Mixed,"Graphic Design, HTML, PHP, Website Design, WordPress",Fixed,173,Worldwide,Short-term,https://www.freelancer.com/projects/website-design/minimalistic-portfolio-website-39549868
Freelancer.com,create a replica of chatgpt using api,Mixed,"MongoDB, Next.js, Python",Fixed,150,Worldwide,Short-term,https://www.freelancer.com/projects/python/create-replica-chatgpt-using-api
Freelancer.com,ChatGPT Real Estate Clone Development,Mixed,"HTML, MySQL, PHP, Python, Software Architecture",Fixed,149,Worldwide,Short-term,https://www.freelancer.com/projects/python/chatgpt-real-estate-clone-development
Freelancer.com,Company Overview PowerPoint Design,Mixed,"Adobe InDesign, Brochure Design, Graphic Design, Illustrator, Photoshop, Photoshop Design, Powerpoint, Website Design",Fixed,107,Worldwide,Short-term,https://www.freelancer.com/projects/graphic-design/company-overview-powerpoint-design
Freelancer.com,ANSYS 3D Turbine Simulation Expert,Mixed,"CAD/CAM, Engineering, Finite Element Analysis, Mechanical Engineering, Solidworks",Fixed,12,Worldwide,Short-term,https://www.freelancer.com/projects/mechanical-engineering/ansys-turbine-simulation-expert
Freelancer.com,Advanced Process Technology Assignment,Mixed,"Alchemist, Chemical Engineering, Engineering, Mechanical Engineering",Fixed,176,Worldwide,Short-term,https://www.freelancer.com/projects/chemical-engineering/advanced-process-technology-assignment
Freelancer.com,2D Animation Video Creation,Mixed,"After Effects, Animation, Motion Graphics, Video Services",Fixed,26,Worldwide,Short-term,https://www.freelancer.com/projects/animation/animation-video-creation-39549470
Freelancer.com,Minimalist Typography Logo Design,Mixed,"3D Design, Graphic Design, Illustrator, Logo Design, Photoshop",Fixed,48,Worldwide,Short-term,https://www.freelancer.com/projects/3d-design/minimalist-typography-logo-design
Freelancer.com,Basic Spanish Writers Needed for Ongoing Content Creation,Mixed,"Article Writing, Content Writing, Copywriting, Ghostwriting, Spanish Translator",Fixed,15,Worldwide,Short-term,https://www.freelancer.com/projects/articles/basic-spanish-writers-needed-for
Freelancer.com,Local Brand Awareness Ads,Mixed,"Advertising, Content Marketing, Facebook Marketing, Internet Marketing, Social Media Marketing",Fixed,103,Worldwide,Short-term,https://www.freelancer.com/projects/facebook-marketing/local-brand-awareness-ads
Freelancer.com,Annual Financial Statements Review,Mixed,"Accounting, Business Analysis, Finance, Financial Analysis, Financial Research",Fixed,53,Worldwide,Short-term,https://www.freelancer.com/projects/accounting/annual-financial-statements-review
Freelancer.com,Social Media Growth Strategy for Leivoo App,Mixed,"Branding, Growth Hacking, Influencer Marketing, Instagram Marketing, TikTok, Video Editing, Viral Marketing",Fixed,171,Worldwide,Short-term,https://www.freelancer.com/projects/instagram-marketing/social-media-growth-strategy-for
Freelancer.com,T-Shirt Design,Mixed,"Graphic Design, Illustrator, Photoshop, Photoshop Design, T-Shirts",Fixed,21,Worldwide,Short-term,https://www.freelancer.com/projects/graphic-design/nature-inspired-shirt-design-39549191
Freelancer.com,Looking for a Photo Retoucher – Freelance,Mixed,"Adobe Lightroom, Photo Editing, Photography, Photoshop, Photoshop Design",Fixed,97,Worldwide,Short-term,https://www.freelancer.com/projects/photoshop/event-photo-retouching-39549825
Freelancer.com,Web Schedule Management App,Mixed,"CSS, HTML, JavaScript, PHP, Website Design",Fixed,101,Worldwide,Short-term,https://www.freelancer.com/projects/javascript/web-schedule-management-app
Freelancer.com,Remote Executive Operations Assistant Needed,Mixed,"Administrative Support, CRM, Customer Support, Data Entry, Database Administration, Management, Operations Management, Project Management, Time Management, Virtual Assistant",Fixed,5,Worldwide,Short-term,https://www.freelancer.com/projects/administrative-support/remote-executive-operations-assistant
Freelancer.com,Dynamic CV,Mixed,"Business Writing, Content Writing, Copywriting, Editing, Resumes",Fixed,107,Worldwide,Short-term,https://www.freelancer.com/projects/resumes/dynamic
Freelancer.com,Wanted: Experienced Furniture Designer for Kitchen Production Project,Mixed,"3D Rendering, AutoCAD, Building Architecture, CAD/CAM, Interior Design",Fixed,19,Worldwide,Short-term,https://www.freelancer.com/projects/autocad/wanted-experienced-furniture-designer
Freelancer.com,ACF Block Creation & RankMath SEO Expert -- 3,Mixed,"Internet Marketing, Link Building, PHP, SEO, WordPress",Fixed,106,Worldwide,Short-term,https://www.freelancer.com/projects/seo/acf-block-creation-rankmath-seo-39549834
Freelancer.com,PHP Developer for Performance Tuning,Mixed,"HTML, MySQL, PHP, Website Design, WordPress",Fixed,10,Worldwide,Short-term,https://www.freelancer.com/projects/php/php-developer-for-performance-tuning
Freelancer.com,ACF Block Creation & RankMath SEO Expert -- 2,Mixed,"Internet Marketing, Link Building, PHP, SEO, WordPress",Fixed,97,Worldwide,Short-term,https://www.freelancer.com/projects/seo/acf-block-creation-rankmath-seo-39549830
Freelancer.com,ACF Block Creation & RankMath SEO Expert,Mixed,"Internet Marketing, Link Building, PHP, SEO, WordPress",Fixed,107,Worldwide,Short-term,https://www.freelancer.com/projects/seo/acf-block-creation-rankmath-seo
Freelancer.com,Life Insurance Agent - No Experience Needed,Mixed,"Facebook Marketing, Internet Marketing, Social Media Marketing",Fixed,18,Worldwide,Short-term,https://www.freelancer.com/projects/facebook-marketing/life-insurance-agent-experience-needed
Freelancer.com,Short Video Platform Development,Mixed,"Engineering, Graphic Design, iPhone, Mobile App Development, MySQL, PHP, Software Testing, Website Design",Fixed,5000,Worldwide,Short-term,https://www.freelancer.com/projects/engineering/short-video-platform-development
Freelancer.com,House Sites Sales Brochure,Mixed,"Brochure Design, Content Writing, Copywriting, Graphic Design, Marketing",Fixed,220,Worldwide,Short-term,https://www.freelancer.com/projects/graphic-design/house-sites-sales-brochure
Freelancer.com,PDF to Editable Word Conversion,Mixed,"Copy Typing, Data Entry, Microsoft Office, PDF, Word",Fixed,12,Worldwide,Short-term,https://www.freelancer.com/projects/copy-typing/pdf-editable-word-conversion-39549775
Freelancer.com,YouTube Intro Animation,Mixed,"3D Animation, After Effects, Animation, Graphic Design, Video Services",Fixed,80,Worldwide,Short-term,https://www.freelancer.com/projects/animation/youtube-intro-animation-39549811
Freelancer.com,Appointment Setter & Telemarketer,Mixed,"Appointment Setting, Biotechnology, Closer, Internet Marketing, Leads, Life Science Sales, Marketing, Sales, Telemarketing",Fixed,50,Worldwide,Short-term,https://www.freelancer.com/projects/telemarketing/appointment-setter-telemarketer-39549809
Freelancer.com,Interactive Menopause Symptom Web Diagram,Mixed,"CSS, HTML, JavaScript, PHP, Website Design",Fixed,152,Worldwide,Short-term,https://www.freelancer.com/projects/html/interactive-menopause-symptom-web
Freelancer.com,Design High-Impact Facebook Ads for AI Presentation Tool,Mixed,"Advertisement Design, Banner Design, Graphic Design, Photoshop, Photoshop Design",Fixed,15,Worldwide,Short-term,https://www.freelancer.com/projects/graphic-design/design-high-impact-facebook-ads
Freelancer.com,Custom Equestrian Breeches Design,Mixed,"Fashion Design, Fashion Modeling, Graphic Design, Logo Design, Product Design",Fixed,108,Worldwide,Short-term,https://www.freelancer.com/projects/graphic-design/custom-equestrian-breeches-design
Freelancer.com,Sunset Desert Resort Logo Design,Mixed,"Graphic Design, Illustration, Illustrator, Logo Design, Photoshop",Fixed,17,Worldwide,Short-term,https://www.freelancer.com/projects/logo-design/sunset-desert-resort-logo-design
Freelancer.com,Cartoonish Tank Battle Game UI Design,Mixed,"Game Design, Graphic Design, Icon Design, Photoshop, User Interface / IA",Fixed,143,Worldwide,Short-term,https://www.freelancer.com/projects/graphic-design/cartoonish-tank-battle-game-design
Freelancer.com,Seamless Photo Compositing - 3 Scenarios,Mixed,"Adobe Lightroom, After Effects, Photo Editing, Photoshop, Photoshop Design",Fixed,101,Worldwide,Short-term,https://www.freelancer.com/projects/photoshop/seamless-photo-compositing-scenarios
Freelancer.com,Shopify Print on Demand Store Setup,Mixed,"eCommerce, Graphic Design, HTML, Shopify, Website Design",Fixed,18,Worldwide,Short-term,https://www.freelancer.com/projects/website-design/shopify-print-demand-store-setup-39549795
Freelancer.com,SolidWorks Design for Peat Spreader,Mixed,"CAD/CAM, Manufacturing Design, Mechanical Engineering, Product Design, Solidworks",Fixed,510,Worldwide,Short-term,https://www.freelancer.com/projects/solidworks/solidworks-design-for-peat-spreader
Freelancer.com,Corporate Website Completion,Mixed,"Graphic Design, HTML, User Interface / IA, Website Design",Fixed,159,Worldwide,Short-term,https://www.freelancer.com/projects/website-design/corporate-website-completion
Freelancer.com,Sofa Visualization for Sales,Mixed,"3D Modelling, 3D Rendering, Graphic Design, Interior Design, Photoshop",Fixed,143,Worldwide,Short-term,https://www.freelancer.com/projects/rendering/sofa-visualization-for-sales
Freelancer.com,Long-term Data Entry VA,Mixed,"Data Entry, Data Processing, Excel, Virtual Assistant, Web Search",Fixed,4,Worldwide,Short-term,https://www.freelancer.com/projects/data-entry/long-term-data-entry-39549791
Freelancer.com,Website Graphics Completion - 26/06/2025 10:44 EDT,Mixed,"Graphic Design, Photoshop, PHP, User Interface / IA, Website Design",Fixed,33,Worldwide,Short-term,https://www.freelancer.com/projects/graphic-design/website-graphics-completion-edt
Freelancer.com,Color Grading Required for 8-Minute 6 - second Video,Mixed,"DaVinci Resolve, Video Editing, Video Services, Videography",Fixed,12,Worldwide,Short-term,https://www.freelancer.com/projects/video-services/color-grading-required-for-minute-39549787
Freelancer.com,Office 365 Integration Expert Needed,Mixed,".NET, C# Programming, CRM, PHP, Sharepoint",Fixed,486,Worldwide,Short-term,https://www.freelancer.com/projects/sharepoint/office-integration-expert-needed
Freelancer.com,Vibrant Mouse Pad Design,Mixed,"Graphic Design, Illustration, Illustrator, Logo Design, Photoshop",Fixed,220,Worldwide,Short-term,https://www.freelancer.com/contest/vibrant-mouse-pad-design-2581179
Freelancer.com,Professional Product Promo Video,Mixed,"After Effects, Video Editing, Video Production, Video Services, Videography",Fixed,109,Worldwide,Short-term,https://www.freelancer.com/projects/video-editing/professional-product-promo-video-39549772
Freelancer.com,Cross-Platform Puzzle Game Development,Mixed,"Android, Game Design, Game Development, iPhone, Mobile App Development",Fixed,2157,Worldwide,Short-term,https://www.freelancer.com/projects/iphone-app-development/cross-platform-puzzle-game-development-39549771
Freelancer.com,Modern Restaurant Logo Design,Mixed,"Graphic Design, Illustration, Illustrator, Logo Design, Photoshop",Fixed,53,Worldwide,Short-term,https://www.freelancer.com/projects/logo-design/modern-restaurant-logo-design-39549770
Freelancer.com,Youtube video Research for an Insightful Sports Documentary (Confidential),Mixed,"Article Writing, Internet Research, Market Research, Research, Statistics",Fixed,19,Worldwide,Short-term,https://www.freelancer.com/projects/research/youtube-video-research-for-insightful
Freelancer.com,Text Document Forensics Analysis Expert Needed,Mixed,"Digital Forensics, Java, Python, Report Writing, Statistics",Fixed,20,Worldwide,Short-term,https://www.freelancer.com/projects/python/text-document-analysis-expert-needed
Freelancer.com,Social Media Design & Management,Mixed,"Facebook Marketing, Graphic Design, Linkedin, Photoshop, Photoshop Design, Social Media Marketing, Video Editing, YouTube",Fixed,2,Worldwide,Short-term,https://www.freelancer.com/projects/graphic-design/social-media-design-management-39549757
Freelancer.com,"Merchandise Supervisor in Radzymin, Polonia",Mixed,"General Labor, Local Job",Fixed,141,Worldwide,Short-term,https://www.freelancer.com/projects/general-labor/merchandise-supervisor-radzymin-polonia
Freelancer.com,Engaging Instagram Reels Editor Needed,Mixed,"After Effects, Video Editing, Video Production, Video Services, Videography",Fixed,6,Worldwide,Short-term,https://www.freelancer.com/projects/video-editing/engaging-instagram-reels-editor-needed
Freelancer.com,Excel VBA Automation Expert,Mixed,"Data Processing, Excel, VB.NET, Visual Basic, Visual Basic for Apps",Fixed,26,Worldwide,Short-term,https://www.freelancer.com/projects/excel/excel-vba-automation-expert-39549741
Freelancer.com,"Hi! I want a short Instagram reel edited for ₹150.

Here are the details:

• Length: 15–20 seconds
• Style: Text-based motivational reel (no face, no complex effects)
• Footage: Use free stock video or abstract visuals (AI, typing, success)
• Text: I will",Mixed,"After Effects, Audio Production, Audio Services, Video Editing, Video Production",Fixed,12,Worldwide,Short-term,https://www.freelancer.com/projects/video-editing/want-short-instagram-reel-edited
Freelancer.com,"Logo Design for business,shops, companie, YouTube channel and Instagram accounts etc..",Mixed,"Graphic Design, Icon Design, Illustrator, Logo Design, Photoshop",Fixed,11,Worldwide,Short-term,https://www.freelancer.com/projects/logo-design/logo-design-for-business-shops
Freelancer.com,Daily Coin Mining App Development,Mixed,"Android, iPhone, Mobile App Development, Objective C, Software Architecture",Fixed,5121,Worldwide,Short-term,https://www.freelancer.com/projects/android/daily-coin-mining-app-development
Freelancer.com,AI-Driven Real Estate Logo Design,Mixed,"Banner Design, Graphic Design, Illustration, Illustrator, Infographics, Logo Design",Fixed,50,Worldwide,Short-term,https://www.freelancer.com/contest/aidriven-real-estate-logo-design-2581177
Freelancer.com,2D Fantasy Animation for Teens Show,Mixed,"2D Animation, After Effects, Animation, Caricature & Cartoons, Illustration",Fixed,21,Worldwide,Short-term,https://www.freelancer.com/projects/animation/fantasy-animation-for-teens-show
Freelancer.com,Framer Website Developer Needed,Mixed,"Framer, Graphic Design, Website Design, WordPress, WordPress Design",Fixed,6,Worldwide,Short-term,https://www.freelancer.com/projects/website-design/framer-website-developer-needed
Freelancer.com,Senior .Net & SQL Developers Needed in Pune,Mixed,".NET, C# Programming, Microsoft SQL Server, MVC, SQL",Fixed,1405,Worldwide,Short-term,https://www.freelancer.com/projects/c-sharp-programming/senior-net-sql-developers-needed
Freelancer.com,Bilingual Self-Help Audiobook Voice Over -- 2,Mixed,"Audio Production, Audio Services, Hindi Translator, Music, Voice Talent",Fixed,2,Worldwide,Short-term,https://www.freelancer.com/projects/voice-talent/bilingual-self-help-audiobook-voice
Freelancer.com,BPO Customer Support Recruiter Needed - 26/06/2025 10:11 EDT,Mixed,"English Spelling, Sales",Fixed,12,Worldwide,Short-term,https://www.freelancer.com/projects/english-spelling/bpo-customer-support-recruiter-needed-39549667
Freelancer.com,Domain UDRP,Mixed,"Intellectual Property Law, Litigation",Fixed,150,Worldwide,Short-term,https://www.freelancer.com/projects/intellectual-property-law/domain-udrp
Freelancer.com,JotForm Workflows Set Up for Two Forms,Mixed,"Video Conferencing, Workflow Consulting",Fixed,34,Worldwide,Short-term,https://www.freelancer.com/projects/video-conferencing/jotform-workflows-set-for-two
Freelancer.com,Professional Modern SEO Needed,Mixed,"Advertising, Internet Marketing, Link Building, Marketing, SEO",Fixed,50,Worldwide,Short-term,https://www.freelancer.com/projects/internet-marketing/professional-modern-seo-needed
Freelancer.com,Onsite .Net + Angular Developer in Pune,Mixed,"AngularJS, ASP.NET, HTML5, JavaScript, MVC",Fixed,1187,Worldwide,Short-term,https://www.freelancer.com/projects/angular-js/onsite-net-angular-developer-pune
Freelancer.com,Kaggle Expert for Amex Hackathon,Mixed,"Data Analytics, Data Mining, Machine Learning (ML), R Programming Language, Statistical Analysis",Fixed,101,Worldwide,Short-term,https://www.freelancer.com/projects/machine-learning/kaggle-expert-for-amex-hackathon
Freelancer.com,Social Media Marketing for Memoir,Mixed,"Book Marketing, Content Writing, Creative Writing, Facebook Marketing, Social Media Marketing",Fixed,1930,Worldwide,Short-term,https://www.freelancer.com/projects/content-writing/social-media-marketing-for-memoir
Freelancer.com,Web3 Esports Platform Landing Page Design,Mixed,"Figma, HTML, UI / User Interface, User Interface / IA, UX / User Experience",Fixed,98,Worldwide,Short-term,https://www.freelancer.com/projects/figma/web-esports-platform-landing-page
Freelancer.com,Residential Interior Design 3D Model,Mixed,"3D Animation, 3D Modelling, 3D Rendering, AutoCAD, Building Architecture",Fixed,10,Worldwide,Short-term,https://www.freelancer.com/projects/3d-modelling/residential-interior-design-model
Freelancer.com,Modern Office Design for a brand,Mixed,"Adobe InDesign, AutoCAD, Corporate Identity, Illustrator, Photoshop",Fixed,82,Worldwide,Short-term,https://www.freelancer.com/projects/photoshop/modern-office-design-for-brand
Freelancer.com,Classic Gold Cross Pendant with Diamonds,Mixed,"3D Modelling, 3D Rendering, Fashion Design, Graphic Design, Product Design",Fixed,348,Worldwide,Short-term,https://www.freelancer.com/projects/fashion-design/classic-gold-cross-pendant-with
Freelancer.com,Customize Scale Pendant Design  -- 2,Mixed,"3D Animation, 3D Modelling, 3D Rendering, CAD/CAM, Product Design",Fixed,114,Worldwide,Short-term,https://www.freelancer.com/projects/cad-cam/customize-scale-pendant-design
Freelancer.com,Colorful UI/UX Design for Travel Site,Mixed,"Graphic Design, Logo Design, Photoshop, User Interface / IA, Website Design",Fixed,248,Worldwide,Short-term,https://www.freelancer.com/projects/graphic-design/colorful-design-for-travel-site
Freelancer.com,Custom Home Mechanical Design,Mixed,"AutoCAD, CAD/CAM, Engineering, Mechanical Engineering, Solidworks",Fixed,392,Worldwide,Short-term,https://www.freelancer.com/projects/cad-cam/custom-home-mechanical-design
Freelancer.com,PDF to Editable Word Conversion,Mixed,"Copy Typing, Data Entry, Microsoft Office, PDF, Word",Fixed,13,Worldwide,Short-term,https://www.freelancer.com/projects/word/pdf-editable-word-conversion-39549680
Freelancer.com,Efficient Excel Sales Performance Dashboard,Mixed,"Business Analysis, Data Entry, Data Processing, Excel, Visual Basic",Fixed,75,Worldwide,Short-term,https://www.freelancer.com/projects/excel/efficient-excel-sales-performance
Freelancer.com,"Mystery shoppers in Germany*  *Hyundai, VW, and Toyota owners needed",Mixed,"Academic Administration, Article Rewriting, Copywriting, Data Entry",Fixed,125,Worldwide,Short-term,https://www.freelancer.com/projects/article-rewriting/mystery-shoppers-germany-hyundai-toyota
Freelancer.com,Masjid Design Optimization,Mixed,"Building Architecture, Graphic Design, Home Design, Interior Design",Fixed,419,Worldwide,Short-term,https://www.freelancer.com/projects/graphic-design/masjid-design-optimization
Freelancer.com,Office Informational Website Development,Mixed,"Graphic Design, HTML, PHP, User Interface / IA, Website Design",Fixed,178,Worldwide,Short-term,https://www.freelancer.com/projects/website-design/office-informational-website-development
Freelancer.com,Guesthouse Data Extraction,Mixed,"Data Entry, Data Mining, Excel, Web Scraping, Web Search",Fixed,146,Worldwide,Short-term,https://www.freelancer.com/projects/excel/guesthouse-data-extraction
Freelancer.com,Best AI Development Company in USA | Rytsense Technologies,Mixed,"Graphic Design, Illustration, Illustrator, Logo Design, Photoshop",Fixed,255,Worldwide,Short-term,https://www.freelancer.com/projects/logo-design/best-development-company-usa-rytsense
Freelancer.com,Humorous Movie Review Editor,Mixed,"After Effects, Animation, Audio Services, Editing, Sound Design, Video Editing, Video Production, Videography",Fixed,13,Worldwide,Short-term,https://www.freelancer.com/projects/video-editing/humorous-movie-review-editor
Freelancer.com,Website Appointment Booking System Integration,Mixed,"Graphic Design, HTML, MySQL, PHP, Web Hosting, Website Design, Website Management",Fixed,202,Worldwide,Short-term,https://www.freelancer.com/projects/php/website-appointment-booking-system
Freelancer.com,Portable Climbing Wall Design,Mixed,"Engineering, Mechanical Engineering",Fixed,27,Worldwide,Short-term,https://www.freelancer.com/projects/engineering/portable-climbing-wall-design
Freelancer.com,Dynamic Social Media & Website Graphic Designer,Mixed,"Graphic Design, Social Media Marketing, Video Editing, Video Services",Fixed,19,Worldwide,Short-term,https://www.freelancer.com/projects/graphic-design/dynamic-social-media-website-graphic
Freelancer.com,Excel Sales Performance Dashboard,Mixed,"Analytics, Business Analysis, Copy Typing, Data Entry, Data Processing, Excel, PDF",Fixed,2,Worldwide,Short-term,https://www.freelancer.com/projects/analytics/excel-sales-performance-dashboard-39548051
Freelancer.com,Video Signal Converter Design for Surveillance,Mixed,"Electrical Engineering, Electronics, Engineering, PCB Layout, Verilog / VHDL",Fixed,2454,Worldwide,Short-term,https://www.freelancer.com/projects/pcb-layout/video-signal-converter-design-for
Freelancer.com,Android Mod Feature Extraction,Mixed,"Android, C# Programming, Internet Security, Java, Mobile App Development, Security, Software Architecture, Software Testing, Web Security, Website Testing",Fixed,79,Worldwide,Short-term,https://www.freelancer.com/projects/android/android-mod-feature-extraction
Freelancer.com,BPO Customer Support Recruiter Needed,Mixed,"English Spelling, Sales",Fixed,280,Worldwide,Short-term,https://www.freelancer.com/projects/english-spelling/bpo-customer-support-recruiter-needed
Freelancer.com,Cinematic Intro for Horror Game,Mixed,"3D Animation, 3D Modelling, Animation, Unity 3D",Fixed,19,Worldwide,Short-term,https://www.freelancer.com/projects/3d-animation/cinematic-intro-for-horror-game
Freelancer.com,Video Ad Specialist for Lead Generation,Mixed,"Advertising, Facebook Marketing, Instagram Ads, Instagram Marketing, Internet Marketing, Marketing, Social Media Marketing",Fixed,262,Worldwide,Short-term,https://www.freelancer.com/projects/facebook-marketing/video-specialist-for-lead-generation
Freelancer.com,Modern Polish Advertisement Banner Design,Mixed,"Banner Design, Graphic Design, Logo Design, Photoshop, Photoshop Design",Fixed,25,Worldwide,Short-term,https://www.freelancer.com/projects/graphic-design/modern-polish-advertisement-banner
Freelancer.com,Custom Fleet Management System MVP,Mixed,"Android, AngularJS, iPhone, Mobile App Development, Node.js, NoSQL Couch & Mongo",Fixed,4144,Worldwide,Short-term,https://www.freelancer.com/projects/angular-js/custom-fleet-management-system-mvp
Freelancer.com,2-3 second simple object animation - 26/06/2025 10:04 EDT,Mixed,"3D Animation, After Effects, Animation, Video Editing, Video Services",Fixed,35,Worldwide,Short-term,https://www.freelancer.com/contest/second-simple-object-animation-edt-2581167
Freelancer.com,Fillable PDF Creation -- 2,Mixed,"Data Entry, Electronic Forms, Excel, PDF, Word",Fixed,34,Worldwide,Short-term,https://www.freelancer.com/projects/data-entry/fillable-pdf-creation
Freelancer.com,Minimalist WordPress Theme Design,Mixed,"Graphic Design, HTML, PHP, Website Design, WordPress",Fixed,147,Worldwide,Short-term,https://www.freelancer.com/projects/wordpress/minimalist-wordpress-theme-design
Freelancer.com,Creating smart contracts to improve account balances and transaction efficiency.,Mixed,"Binance Smart Chain, Bitcoin, Blockchain, Ethereum, Non-fungible Tokens (NFT), Smart Contracts",Fixed,1428,Worldwide,Short-term,https://www.freelancer.com/projects/blockchain/creating-smart-contracts-improve-account
Freelancer.com,Corporate Event Management   -- 63820,Mixed,"Customer Experience, Customer Service, Customer Support, Event Management, Event Staffing",Fixed,292,Worldwide,Short-term,https://www.freelancer.com/projects/customer-support/corporate-event-management-39549633
Freelancer.com,Custom Revit API Solution - IFC Exporter,Mixed,"Autodesk Revit, C# Programming",Fixed,9,Worldwide,Short-term,https://www.freelancer.com/projects/c-sharp-programming/custom-revit-api-solution-ifc
Freelancer.com,Realistic Flower Animation -- 2,Mixed,"After Effects, Animation, Blender, Maya",Fixed,75,Worldwide,Short-term,https://www.freelancer.com/projects/animation/realistic-flower-animation-39548470
Freelancer.com,Full Stack Developer for Data-Driven Project - 26/06/2025 10:02 EDT,Mixed,"Amazon Web Services, API, Database Programming, Django, React.js",Fixed,4864,Worldwide,Short-term,https://www.freelancer.com/projects/amazon-web-services/full-stack-developer-for-data
Freelancer.com,Comprehensive Job Portal with AI and Mentorship,Mixed,"Graphic Design, PHP, User Interface / IA, UX / User Experience, Website Design",Fixed,295,Worldwide,Short-term,https://www.freelancer.com/projects/graphic-design/comprehensive-job-portal-with-mentorship
Freelancer.com,Realistic Flower Animation,Mixed,"After Effects, Animation, Blender, Graphic Design, Photoshop",Fixed,77,Worldwide,Short-term,https://www.freelancer.com/projects/animation/realistic-flower-animation
Freelancer.com,5x11 PDF to 4x6 Book Conversion,Mixed,"Adobe InDesign, Brochure Design, Graphic Design, Illustrator, Photoshop",Fixed,24,Worldwide,Short-term,https://www.freelancer.com/projects/graphic-design/pdf-book-conversion
Freelancer.com,Sleek Modern Logo Design,Mixed,"Graphic Design, Illustrator, Logo Design, Photoshop",Fixed,40,Worldwide,Short-term,https://www.freelancer.com/projects/logo-design/sleek-modern-logo-design-39549624
Freelancer.com,Investigate Threatening Letter,Mixed,"Business Analysis, Market Research, Research, Research Writing, Technical Writing",Fixed,323,Worldwide,Short-term,https://www.freelancer.com/projects/business-analysis/investigate-threatening-letter
Freelancer.com,Laser Cutting Quote Website,Mixed,"CSS, Graphic Design, HTML, PHP, User Interface / IA, Web Hosting, Website Design, Website Management",Fixed,332,Worldwide,Short-term,https://www.freelancer.com/projects/website-design/laser-cutting-quote-website
Freelancer.com,E-commerce Website Development,Mixed,"eCommerce, Graphic Design, HTML, PHP, Website Design",Fixed,105,Worldwide,Short-term,https://www.freelancer.com/projects/website-design/commerce-website-development-39549605
Freelancer.com,Product Sourcing Assistant (Performance-Based Pay),Mixed,"Data Entry, eBay, Internet Marketing, Sales, Virtual Assistant",Fixed,75,Worldwide,Short-term,https://www.freelancer.com/projects/ebay/product-sourcing-assistant-performance
Freelancer.com,Revit Modeler for Stadium LED Screens,Mixed,"3D Modelling, AutoCAD, Building Architecture, Construction Engineering, Revit",Fixed,52,Worldwide,Short-term,https://www.freelancer.com/projects/autocad/revit-modeler-for-stadium-led
Freelancer.com,Multitasking Francophone Virtual Assistant,Mixed,"Canva, Graphic Design, Illustrator, Logo Design, Photoshop, Virtual Assistant",Fixed,133,Worldwide,Short-term,https://www.freelancer.com/projects/graphic-design/multitasking-francophone-virtual
Freelancer.com,School Management System UI Overhaul,Mixed,"Graphic Design, HTML, PHP, User Interface / IA, Website Design",Fixed,50,Worldwide,Short-term,https://www.freelancer.com/projects/website-design/school-management-system-overhaul
Freelancer.com,Cartoonish Love Story Storyboard,Mixed,"Animation, Caricature & Cartoons, Graphic Design, Illustration, Illustrator",Fixed,466,Worldwide,Short-term,https://www.freelancer.com/projects/illustration/cartoonish-love-story-storyboard
Freelancer.com,Sector-wide DPR & Feasibility Study Expert,Mixed,"Business Analysis, Excel, Finance, Financial Analysis, Financial Research",Fixed,1142,Worldwide,Short-term,https://www.freelancer.com/projects/business-analysis/sector-wide-dpr-feasibility-study
Freelancer.com,Mobile Casino Game Integration Betting Games.,Mixed,"Android, Game Development, iPhone, Mobile App Development, PHP",Fixed,623,Worldwide,Short-term,https://www.freelancer.com/projects/iphone-app-development/mobile-casino-game-integration-betting
Freelancer.com,Website Template Customization,Mixed,"CSS, HTML, PHP, Website Design, WordPress",Fixed,95,Worldwide,Short-term,https://www.freelancer.com/projects/wordpress/website-template-customization
Freelancer.com,Advanced Car Listing Website & Chatbot Development -- 2,Mixed,"AI Chatbot Development, Google App Engine, JavaScript, PHP, Python, Software Architecture, Web Hosting, Web Scraping, Website Management",Fixed,1745,Worldwide,Short-term,https://www.freelancer.com/projects/php/advanced-car-listing-website-chatbot
Freelancer.com,Minimalist Business Logo Design,Mixed,"Graphic Design, Icon Design, Illustrator, Logo Design, Photoshop",Fixed,23,Worldwide,Short-term,https://www.freelancer.com/projects/logo-design/minimalist-business-logo-design-39549577
Freelancer.com,تصميم لوجو وكروت شخصية مخصص,Mixed,"Business Card Design, Logo Design, Presentations",Fixed,114,Worldwide,Short-term,https://www.freelancer.com/projects/logo-design/project-39549572
Freelancer.com,MERN + SQL Developer for WhatsApp API Integration,Mixed,"JavaScript, MySQL, Node.js, NoSQL Couch & Mongo",Fixed,11,Worldwide,Short-term,https://www.freelancer.com/projects/nodejs/mern-sql-developer-for-whatsapp
Freelancer.com,Designing 4 web pages in Figma,Mixed,"CSS, Figma, Figma AI, Graphic Design, HTML, PHP, Website Design",Fixed,183,Worldwide,Short-term,https://www.freelancer.com/projects/css/designing-web-pages-figma
Freelancer.com,Website Template Edit,Mixed,"CSS, Graphic Design, HTML, PHP, Website Design",Fixed,225,Worldwide,Short-term,https://www.freelancer.com/projects/website-design/website-template-edit-39549293
Freelancer.com,Online Shop Automation & Chatbot Integration with n8n,Mixed,"API, Customer Service Chatbot, Email Marketing, n8n, Process Automation",Fixed,28,Worldwide,Short-term,https://www.freelancer.com/projects/ecommerce/online-shop-automation-chatbot
Freelancer.com,AI/ML Prototyping for ISRO Real-World Problems,Mixed,"3D Modelling, AI (Artificial Intelligence) HW/SW, Data Mining, Data Science, Machine Learning (ML), Matlab and Mathematica, Statistical Analysis",Fixed,11,Worldwide,Short-term,https://www.freelancer.com/projects/3d-modelling/prototyping-for-isro-real-world
Freelancer.com,Microsoft 365 Modernization and Migration,Mixed,"Active Directory, Azure, Microsoft Exchange, Sharepoint, Windows Server",Fixed,31,Worldwide,Short-term,https://www.freelancer.com/projects/microsoft-exchange/microsoft-modernization-migration
Freelancer.com,تصميم شعار حديث لمحل هيدروليكي,Mixed,"Logo Design, Photoshop",Fixed,25,Worldwide,Short-term,https://www.freelancer.com/contest/-2581149
Freelancer.com,Multi-Platform Booking System Development,Mixed,"Android, Flutter, iPhone, Mobile App Development, PHP, PostgreSQL, React.js, Web Hosting, Website Design",Fixed,3581,Worldwide,Short-term,https://www.freelancer.com/projects/php/multi-platform-booking-system
Freelancer.com,Hindi-Urdu Writer for Short Film,Mixed,"Content Writing, Creative Writing, Poetry",Fixed,12,Worldwide,Short-term,https://www.freelancer.com/projects/content-writing/hindi-urdu-writer-for-short
Freelancer.com,"Premium Product Packaging Design (FMCG) – Standing Pouch (2 Sizes, 4 Designs)",Mixed,"Covers & Packaging, Graphic Design, Package, Package Design",Fixed,74,Worldwide,Short-term,https://www.freelancer.com/projects/graphic-design/premium-product-packaging-design-fmcg
Freelancer.com,2000 SEO Articles Creation,Mixed,"Article Writing, Blog, Content Writing, Marketing, SEO",Fixed,29,Worldwide,Short-term,https://www.freelancer.com/projects/seo/seo-articles-creation
Freelancer.com,Hand-Drawn Logo Vector Redesign,Mixed,"Drawing Artist, Graphic Design, Illustration, Illustrator, Logo Design, Photoshop",Fixed,30,Worldwide,Short-term,https://www.freelancer.com/projects/graphic-design/hand-drawn-logo-vector-redesign
Freelancer.com,Minimalistic AR/VR Portfolio Site Development,Mixed,"Graphic Design, HTML, JavaScript, PHP, Website Design",Fixed,997,Worldwide,Short-term,https://www.freelancer.com/projects/website-design/minimalistic-portfolio-site-development-39549544
Freelancer.com,Modern and Vibrant Logo for Poshmine,Mixed,"Graphic Design, Illustrator, Logo Design, Photoshop",Fixed,18,Worldwide,Short-term,https://www.freelancer.com/projects/graphic-design/modern-vibrant-logo-for-poshmine
Freelancer.com,Modern Logo Design for Construction & Landscaping,Mixed,"Caricature & Cartoons, Graphic Design, Illustration, Illustrator, Logo Design",Fixed,17,Worldwide,Short-term,https://www.freelancer.com/projects/caricature-cartoons/modern-logo-design-for-construction
Freelancer.com,Inspiring Ayurveda Educational Reels,Mixed,"Animation, Video Editing",Fixed,37,Worldwide,Short-term,https://www.freelancer.com/projects/animation/inspiring-ayurveda-educational-reels
Freelancer.com,Sports Reflections Writing,Mixed,"Article Writing, Book Writing, Copywriting, Ghostwriting",Fixed,13,Worldwide,Short-term,https://www.freelancer.com/projects/copywriting/sports-reflections-writing-39549533
Freelancer.com,Dynamic Logo Design for Beauty Brand,Mixed,"Corporate Identity, Graphic Design, Illustrator, Logo Design, Photoshop",Fixed,12,Worldwide,Short-term,https://www.freelancer.com/projects/logo-design/dynamic-logo-design-for-beauty
Freelancer.com,Minimalistic Multi-Category Clothing E-Commerce Site,Mixed,"eCommerce, Graphic Design, HTML, User Interface / IA, Website Design",Fixed,281,Worldwide,Short-term,https://www.freelancer.com/projects/website-design/minimalistic-multi-category-clothing
Freelancer.com,WooCommerce Site Revamp on WordPress,Mixed,"eCommerce, HTML, PHP, Website Design, WordPress",Fixed,109,Worldwide,Short-term,https://www.freelancer.com/projects/wordpress/woocommerce-site-revamp-wordpress
Freelancer.com,Excel Data Entry Specialist -- 4,Mixed,"Data Entry, Data Processing, Excel, Word",Fixed,4,Worldwide,Short-term,https://www.freelancer.com/projects/excel/excel-data-entry-specialist-39549534
Freelancer.com,Create visit card using models and brand book,Mixed,"Graphic Design, Illustrator, Logo Design, Photoshop, Photoshop Design",Fixed,15,Worldwide,Short-term,https://www.freelancer.com/contest/create-visit-card-using-models-and-brand-book-2581142
Freelancer.com,Excel Data Entry Specialist Needed,Mixed,"Data Entry, Data Processing, Excel, Microsoft Office, Word",Fixed,18,Worldwide,Short-term,https://www.freelancer.com/projects/data-entry/excel-data-entry-specialist-needed-39549480
Freelancer.com,Modern Clean Web App Design,Mixed,"Graphic Design, Icon Design, User Interface / IA, UX / User Experience, Website Design",Fixed,163,Worldwide,Short-term,https://www.freelancer.com/projects/graphic-design/modern-clean-web-app-design
Freelancer.com,Shopify Backend Development Expert Needed,Mixed,"HTML, PHP, Shopify, Shopify Templates, Website Design",Fixed,20,Worldwide,Short-term,https://www.freelancer.com/projects/shopify-site/shopify-backend-development-expert-39549522
Freelancer.com,Realistic Artist GIF Animations,Mixed,"3D Animation, 3D Modelling, After Effects, Animation, Illustrator, Motion Graphics, Photoshop",Fixed,84,Worldwide,Short-term,https://www.freelancer.com/projects/animation/realistic-artist-gif-animations
Freelancer.com,Cross-Platform Doctor Appointment App Development,Mixed,"Android, HTML5, iPhone, Java, Mobile App Development, PHP",Fixed,182,Worldwide,Short-term,https://www.freelancer.com/projects/iphone-app-development/cross-platform-doctor-appointment-app
Freelancer.com,Inandon karaoke Samsung app player -- 2,Mixed,"Android, Samsung, Samsung Accessory SDK, Tizen SDK for Wearables, TvOS",Fixed,485,Worldwide,Short-term,https://www.freelancer.com/projects/android/inandon-karaoke-samsung-app-player
Freelancer.com,Elegant Rental Services Website,Mixed,"Graphic Design, HTML, MySQL, PHP, Web Hosting, Website Design, Website Management, Website Testing",Fixed,123,Worldwide,Short-term,https://www.freelancer.com/projects/website-design/elegant-rental-services-website
Freelancer.com,Corporate Profile Creation for Digital Marketing Firm -- 2,Mixed,"Adobe Illustrator, Adobe InDesign, Canva, Creative Design, Graphic Design, Logo Design, Powerpoint, Presentations, Visual Design",Fixed,67,Worldwide,Short-term,https://www.freelancer.com/projects/graphic-design/corporate-profile-creation-for-digital
Freelancer.com,Structural Compliance Certification,Mixed,"AutoCAD, Building Architecture, Civil Engineering, Engineering, Structural Engineering",Fixed,173,Worldwide,Short-term,https://www.freelancer.com/projects/civil-engineering/structural-compliance-certification
Freelancer.com,Road-Crossing Chicken Game Development,Mixed,"Animation, Game Design, Game Development, Mobile App Development, Unity 3D",Fixed,11,Worldwide,Short-term,https://www.freelancer.com/projects/unity-3d/road-crossing-chicken-game-development
Freelancer.com,Expert Needed for Reindexing with Google AdSense and Cloudflare,Mixed,"Google Analytics, Internet Marketing, Link Building, Search Engine Marketing, SEO",Fixed,424,Worldwide,Short-term,https://www.freelancer.com/projects/seo/fix-blog-crawling-errors
Freelancer.com,"Part-Time Remote Sales Specialist (Facebook, instagram, WhatsApp)",Mixed,"Customer Strategy, Customer Support, Leads, Nutrition, Sales",Fixed,195,Worldwide,Short-term,https://www.freelancer.com/projects/sales/part-time-remote-sales-specialist
Freelancer.com,Realistic Garden Portrait Addition,Mixed,"Arts & Crafts, Illustration, Illustrator, Photoshop",Fixed,307,Worldwide,Short-term,https://www.freelancer.com/projects/illustration/realistic-garden-portrait-addition
Freelancer.com,Cartoonish Illustrations for Toddler Book,Mixed,"Caricature & Cartoons, Graphic Design, Illustration, Illustrator, Photoshop",Fixed,483,Worldwide,Short-term,https://www.freelancer.com/projects/illustration/cartoonish-illustrations-for-toddler-39549456
Freelancer.com,Corporate Profile Creation for Digital Marketing Firm,Mixed,"Content Writing, Facebook Marketing, Internet Marketing, Marketing, Social Media Marketing",Fixed,84,Worldwide,Short-term,https://www.freelancer.com/projects/social-media-marketing/corporate-profile-creation-for-digital
Freelancer.com,Conceptual LED Advertising Video – Short Format,Mixed,"Advertisement Design, Animation, Banner Design, Graphic Design, Video Services",Fixed,15,Worldwide,Short-term,https://www.freelancer.com/contest/conceptual-led-advertising-video-ndash-short-format-2581131
Freelancer.com,Italian Furniture Brand Name (only name),Mixed,"Copywriting, Creative Writing, Graphic Design, Logo Design, Slogans",Fixed,63,Worldwide,Short-term,https://www.freelancer.com/contest/italian-furniture-brand-name-only-name-2581130
Freelancer.com,Electromagnet Design Software Development,Mixed,"C Programming, C++ Programming, Electrical Engineering, Engineering, PHP, Software Architecture",Fixed,288,Worldwide,Short-term,https://www.freelancer.com/projects/software-architecture/electromagnet-design-software
Freelancer.com,بناء تيم دعم لمدربة فيتنس,Mixed,"Health, Nutrition, Telegram API, Telegram Moderation, Training",Fixed,140,Worldwide,Short-term,https://www.freelancer.com/projects/nutrition/project-39549437
Freelancer.com,Hindi Storytelling Video Creator,Mixed,"Animation, Audio Services, Video Editing, Video Production, Voice Talent",Fixed,17,Worldwide,Short-term,https://www.freelancer.com/projects/audio-services/hindi-storytelling-video-creator
Freelancer.com,Webflow Expert for Long-Term Collaboration,Mixed,"Webflow, Website Design",Fixed,150,Worldwide,Short-term,https://www.freelancer.com/projects/webflow/webflow-expert-for-long-term
Freelancer.com,WoW Video Editor for Cinematic & Trailer-Style -- 2,Mixed,"After Effects, Video Editing",Fixed,262,Worldwide,Short-term,https://www.freelancer.com/projects/after-effects/wow-video-editor-for-cinematic
Freelancer.com,Oversized T-Shirt Tech Pack Design - 26/06/2025 08:40 EDT,Mixed,"Fashion Design, Graphic Design, T-Shirts, Technical Drawing / Tech Pack",Fixed,1659,Worldwide,Short-term,https://www.freelancer.com/projects/graphic-design/oversized-shirt-tech-pack-design-39549391
Freelancer.com,Animated Brand Awareness Video,Mixed,"3D Animation, After Effects, Animation, Graphic Design, Video Services",Fixed,1429,Worldwide,Short-term,https://www.freelancer.com/projects/3d-animation/animated-brand-awareness-video
Freelancer.com,Gastropub Design: Two-story Outdoor Building,Mixed,"3D Rendering, AutoCAD, Building Architecture, Home Design, Interior Design",Fixed,150,Worldwide,Short-term,https://www.freelancer.com/contest/gastropub-design-twostory-outdoor-building-2581127
Freelancer.com,Power BI Financial Reports -- 2,Mixed,"Accounting, Business Analysis, Data Processing, Excel, Finance",Fixed,183,Worldwide,Short-term,https://www.freelancer.com/projects/data-processing/power-financial-reports
Freelancer.com,Node.js Dev for Gaming Site,Mixed,"AngularJS, Express JS, JavaScript, Node.js, PHP",Fixed,81,Worldwide,Short-term,https://www.freelancer.com/projects/nodejs/node-dev-for-gaming-site
Freelancer.com,Matrimony app full of features,Mixed,"Android, HTML5, iPhone, Mobile App Development, PHP",Fixed,1322,Worldwide,Short-term,https://www.freelancer.com/projects/android/matrimony-app-full-features
Freelancer.com,Android eTaxi Ride-Sharing App Development -- 2,Mixed,"Android, Business Consulting, Mobile App Development, Software Architecture, Software Development",Fixed,63,Worldwide,Short-term,https://www.freelancer.com/projects/mobile-app-development/android-etaxi-ride-sharing-app
Freelancer.com,Flat Transparent Square Icon,Mixed,"Graphic Design, Icon Design, Illustrator, Logo Design, Photoshop",Fixed,13,Worldwide,Short-term,https://www.freelancer.com/contest/flat-transparent-square-icon-2581123
Freelancer.com,Mobile App Testing on iOS and Android,Mixed,"Android, iPhone, Mobile App Development, Software Testing, Testing / QA",Fixed,41,Worldwide,Short-term,https://www.freelancer.com/projects/testing-qa/mobile-app-testing-ios-android-39549400
Freelancer.com,Hostel Canteen Meal Management WP Plugin,Mixed,"HTML, MySQL, PHP, Software Architecture, WordPress",Fixed,167,Worldwide,Short-term,https://www.freelancer.com/projects/php/hostel-canteen-meal-management-plugin
Freelancer.com,Engaging Educational Video Editor,Mixed,"After Effects, Photoshop, Video Editing, Video Production, Video Services, Videography",Fixed,13,Worldwide,Short-term,https://www.freelancer.com/projects/video-editing/engaging-educational-video-editor
Freelancer.com,Professional Company Profile Creation,Mixed,"Adobe InDesign, Brochure Design, Corporate Identity, Graphic Design, Illustrator",Fixed,118,Worldwide,Short-term,https://www.freelancer.com/projects/graphic-design/professional-company-profile-creation-39549389
Freelancer.com,Fullstack Dev for Paper Trading Site,Mixed,"HTML, JavaScript, PHP, Website Design",Fixed,12,Worldwide,Short-term,https://www.freelancer.com/projects/php/fullstack-dev-for-paper-trading
Freelancer.com,Instagram Product Launch Campaign,Mixed,"Content Writing, Copywriting, Facebook Marketing, Marketing, Social Media Marketing, Social Networking",Fixed,232,Worldwide,Short-term,https://www.freelancer.com/projects/social-media-marketing/instagram-product-launch-campaign
Freelancer.com,ZERO ACCIDENT A.I SAFETY PROJETC Brand Identity Design,Mixed,"Corporate Identity, Graphic Design, Icon Design, Logo Design, Photoshop",Fixed,377,Worldwide,Short-term,https://www.freelancer.com/projects/logo-design/zero-accident-safety-projetc-brand
Freelancer.com,Elegant 3D Venue Render,Mixed,"3D Animation, 3D Modelling, 3D Rendering, 3ds Max",Fixed,181,Worldwide,Short-term,https://www.freelancer.com/projects/3d-modelling/elegant-venue-render
Freelancer.com,Unreal Engine Lighting Artist for Audio Reactive Lights Music Video,Mixed,"3D Modelling, 3D Rendering, 3D Visualization, Architectural Rendering, CGI, Lighting, Lighting Design, Music Video, Unreal Engine, Video Production",Fixed,419,Worldwide,Short-term,https://www.freelancer.com/projects/unreal-engine-lighting-artist-for
Freelancer.com,Expert Garment Measurement,Mixed,"Content Creation, Fashion Consulting, Fashion Design, Fashion Modeling, Fashion Writing, Photography",Fixed,5,Worldwide,Short-term,https://www.freelancer.com/projects/fashion-design/expert-garment-measurement
Freelancer.com,MVP Development for Web App,Mixed,"Docker Compose, MongoDB, Node.js, OAuth, RabbitMQ, Test Automation, Typescript",Fixed,4323,Worldwide,Short-term,https://www.freelancer.com/projects/nodejs/mvp-development-for-web-app
Freelancer.com,Informational Website Design,Mixed,"Graphic Design, HTML, Photoshop, Website Design, WordPress",Fixed,7,Worldwide,Short-term,https://www.freelancer.com/projects/website-design/informational-website-design-39549365
Freelancer.com,Smart IoT PCB Design -- 2,Mixed,"Altium Designer, Arduino, Circuit Design, Electronics, PCB Layout",Fixed,93,Worldwide,Short-term,https://www.freelancer.com/projects/electronics/smart-iot-pcb-design-39549367
Freelancer.com,WordPress Setup and UI Customization,Mixed,"CSS, HTML, PHP, Website Design, WordPress",Fixed,33,Worldwide,Short-term,https://www.freelancer.com/projects/wordpress/wordpress-setup-customization-39549363
Freelancer.com,Reflective Memoir Writing,Mixed,"Article Writing, Content Writing, Creative Writing, Ghostwriting, Research Writing",Fixed,31,Worldwide,Short-term,https://www.freelancer.com/projects/ghostwriting/reflective-memoir-writing
Freelancer.com,Modern Aesthetic Hybrid Inverter Design,Mixed,"3D Modelling, 3D Rendering, CAD/CAM, Graphic Design, Product Design",Fixed,236,Worldwide,Short-term,https://www.freelancer.com/projects/product-design/modern-aesthetic-hybrid-inverter-design
Freelancer.com,Blog Article on WFH Productivity,Mixed,"Data Entry, Excel, Ghostwriting, Microsoft Access, Microsoft Exchange, PDF, Powerpoint, Virtual Assistant, Web Search, Word",Fixed,18,Worldwide,Short-term,https://www.freelancer.com/projects/virtual-assistant/blog-article-wfh-productivity-39549350
Freelancer.com,iOS App Developer Needed,Mixed,"iPad, iPhone, Mobile App Development, Objective C, Swift",Fixed,13,Worldwide,Short-term,https://www.freelancer.com/projects/iphone-app-development/ios-app-developer-needed-39549348
Freelancer.com,Elegant Wedding Evite and Logo Design,Mixed,"Graphic Design, Illustration, Illustrator, Logo Design, Photoshop",Fixed,248,Worldwide,Short-term,https://www.freelancer.com/projects/logo-design/elegant-wedding-evite-logo-design
Freelancer.com,Modern Kitchen 3D Design,Mixed,"3D Modelling, 3ds Max, AutoCAD, Interior Design, SketchUp",Fixed,82,Worldwide,Short-term,https://www.freelancer.com/projects/3ds-max/modern-kitchen-design
Freelancer.com,Python AI/ML Backend Development,Mixed,"Django, JavaScript, PHP, Python, Software Architecture",Fixed,284,Worldwide,Short-term,https://www.freelancer.com/projects/python/python-backend-development-39549340
Freelancer.com,Node.js Configuration on Apache Server -- 2,Mixed,"Apache, Linux, Nginx, Node.js, System Admin",Fixed,23,Worldwide,Short-term,https://www.freelancer.com/projects/system-admin/node-configuration-apache-server
Freelancer.com,Abstract Canvas Painting,Mixed,"Concept Design, Illustration, Illustrator",Fixed,305,Worldwide,Short-term,https://www.freelancer.com/projects/illustration/abstract-canvas-painting
Freelancer.com,Spanish Legal Translation Expert,Mixed,"English (UK) Translator, English (US) Translator, Legal, Spanish Translator, Translation",Fixed,540,Worldwide,Short-term,https://www.freelancer.com/projects/translation/spanish-legal-translation-expert
Freelancer.com,IT Services Sales BDE,Mixed,"Digital Marketing, Facebook Marketing, Internet Marketing, Marketing, Sales, SEO",Fixed,526,Worldwide,Short-term,https://www.freelancer.com/projects/internet-marketing/services-sales-bde
Freelancer.com,MATLAB Data Analyst Needed,Mixed,"Algorithm, Data Mining, Matlab and Mathematica, Statistical Analysis, Statistics",Fixed,17,Worldwide,Short-term,https://www.freelancer.com/projects/matlab-mathematica/matlab-data-analyst-needed-39549325
Freelancer.com,Inspirational Social Media Captions,Mixed,"Content Writing, Copywriting",Fixed,6,Worldwide,Short-term,https://www.freelancer.com/projects/content-writing/inspirational-social-media-captions
Freelancer.com,Social Media Campaign Expert,Mixed,"Facebook Marketing, Instagram, Internet Marketing, Marketing, Social Media Marketing",Fixed,112,Worldwide,Short-term,https://www.freelancer.com/projects/facebook-marketing/social-media-campaign-expert-39549326
Freelancer.com,Motivational Attitude Status Creation,Mixed,"Catch Phrases, Content Writing, Creative Writing, Graphic Design, Photoshop, Slogans",Fixed,11,Worldwide,Short-term,https://www.freelancer.com/projects/graphic-design/motivational-attitude-status-creation
Freelancer.com,Mediterranean Villas Resort Design,Mixed,"3D Rendering, Home Design, Interior Design",Fixed,1935,Worldwide,Short-term,https://www.freelancer.com/projects/interior-design/mediterranean-villas-resort-design
Freelancer.com,National Family History Research,Mixed,"Business Analysis, Data Entry, Excel, Market Research, Research",Fixed,5,Worldwide,Short-term,https://www.freelancer.com/projects/research/national-family-history-research
Freelancer.com,Backend Development for Data-Driven Platform,Mixed,"Node.js, NoSQL Couch & Mongo, PHP, Python, Ruby on Rails",Fixed,501,Worldwide,Short-term,https://www.freelancer.com/projects/backend-development-for-data-driven
Freelancer.com,IoT Automation POC Development,Mixed,"Google App Engine, Internet of Things (IoT), JavaScript, Mobile App Development, Python, Software Architecture",Fixed,105,Worldwide,Short-term,https://www.freelancer.com/projects/python/iot-automation-poc-development
Freelancer.com,Hindi Subtitler for English Videos // only Indian Freelancers,Mixed,"Audio Production, Audio Services, English (US) Translator, Hindi Translator, Subtitles & Captions, Transcription, Translation",Fixed,125,Worldwide,Short-term,https://www.freelancer.com/projects/translation/hindi-subtitler-for-english-videos
Freelancer.com,Indeed recruiter needed with employer account.  -- 2,Mixed,"Data Entry, Excel, LinkedIn Recruiting, Recruitment, Virtual Assistant",Fixed,3,Worldwide,Short-term,https://www.freelancer.com/projects/data-entry/indeed-recruiter-needed-with-employer-39549312
Freelancer.com,WooCommerce Mobile App Deployment,Mixed,"Android, iPhone, Mobile App Development, PHP, WordPress",Fixed,534,Worldwide,Short-term,https://www.freelancer.com/projects/android/woocommerce-mobile-app-deployment
Freelancer.com,Elegant Handwritten Signature Design,Mixed,"Graphic Design, Illustrator, Logo Design, Photoshop, Photoshop Design",Fixed,14,Worldwide,Short-term,https://www.freelancer.com/projects/graphic-design/elegant-handwritten-signature-design-39549306
Freelancer.com,Handwritten Notes Typing - 26/06/2025 05:27 EDT,Mixed,"Copy Typing, Data Entry, Excel, PDF, Word",Fixed,11,Worldwide,Short-term,https://www.freelancer.com/projects/copy-typing/handwritten-notes-typing-edt-39548857
Freelancer.com,Electronics Repair Technician in Dubai,Mixed,"Appliance Repair, Electrical Engineering, Electronics, Electronics repair, Engineering",Fixed,200,Worldwide,Short-term,https://www.freelancer.com/projects/electrical-engineering/electronics-repair-technician-dubai
Freelancer.com,Professional Award-winning Video Presenter Services,Mixed,"After Effects, Animation, Video Editing, Video Production, Video Services",Fixed,53,Worldwide,Short-term,https://www.freelancer.com/projects/video-editing/professional-award-winning-video
Freelancer.com,Website QA Testing /// Singapore,Mixed,"Testing / QA, Usability Testing, UX / User Experience, Website Testing",Fixed,20,Worldwide,Short-term,https://www.freelancer.com/projects/testing-qa/website-testing-singapore-39549301
Freelancer.com,Arrange Meetings with Food Creators -- 2,Mixed,"Lead Generation, Sales",Fixed,150,Worldwide,Short-term,https://www.freelancer.com/projects/sales/arrange-meetings-with-food-creators-39549300
Freelancer.com,Job Posting Specialist for LinkedIn & Indeed -- 3,Mixed,"Data Entry, Excel, LinkedIn Recruiting, Recruitment, Virtual Assistant",Fixed,3,Worldwide,Short-term,https://www.freelancer.com/projects/data-entry/job-posting-specialist-for-linkedin-39549299
Freelancer.com,AI Software Explainer Animation,Mixed,"2D Animation, After Effects, Animation, Graphic Design, Motion Design, Motion Graphics",Fixed,140,Worldwide,Short-term,https://www.freelancer.com/contest/ai-software-explainer-animation-2581115
Freelancer.com,E-commerce Site Development,Mixed,"eCommerce, HTML, PHP, Website Design, WordPress",Fixed,32,Worldwide,Short-term,https://www.freelancer.com/projects/ecommerce/commerce-site-development-39549292
Freelancer.com,Podcast Editing in Ableton,Mixed,"Audio Production, Audio Services, Music, Sound Design, Voice Talent",Fixed,17,Worldwide,Short-term,https://www.freelancer.com/projects/audio-services/podcast-editing-ableton
Freelancer.com,Experienced SEO Agency Needed to Boost Online Visibility for Leading UAE Recruitment Firm,Mixed,"Internet Marketing, Link Building, Marketing, Search Engine Marketing, SEO",Fixed,352,Worldwide,Short-term,https://www.freelancer.com/projects/seo/experienced-seo-agency-needed-boost
Freelancer.com,short and engaging video presentation of a website I’ve designed.,Mixed,"After Effects, Graphic Design, Logo Design, Photoshop, Video Editing",Fixed,25,Worldwide,Short-term,https://www.freelancer.com/projects/graphic-design/short-engaging-video-presentation
Freelancer.com,"Telecaller Needed – Reconnect with Non-Returning Salon Customers (English, Kannada & Hindi)",Mixed,"Sales, Telemarketing",Fixed,355,Worldwide,Short-term,https://www.freelancer.com/projects/telemarketing/telecaller-needed-reconnect-with-non
Freelancer.com,Data Engineer/DevOps Specialist,Mixed,"Amazon Web Services, AWS Lambda, Big Data Sales, Java, PySpark, Python",Fixed,320,Worldwide,Short-term,https://www.freelancer.com/projects/python/data-engineer-devops-specialist
Freelancer.com,"Engaging Business Pitch PPT Design, bid with actual price",Mixed,"Brochure Design, Content Writing, Graphic Design, Powerpoint, Presentations",Fixed,20,Worldwide,Short-term,https://www.freelancer.com/projects/powerpoint/engaging-business-pitch-ppt-design
Freelancer.com,Banner design x 2,Mixed,"Banner Design, Graphic Design, Logo Design, Photoshop, Photoshop Design",Fixed,37,Worldwide,Short-term,https://www.freelancer.com/projects/graphic-design/banner-design-39549279
Freelancer.com,LinkedIn Lead Gen Specialist,Mixed,"Data Entry, Internet Marketing, Leads, Research, Web Search",Fixed,263,Worldwide,Short-term,https://www.freelancer.com/projects/leads/linkedin-lead-gen-specialist
Freelancer.com,Comprehensive Social Media Management  -- 63612  --  -- 96128,Mixed,"Content Writing, Facebook Marketing, Internet Marketing, Marketing, Social Networking",Fixed,5,Worldwide,Short-term,https://www.freelancer.com/projects/internet-marketing/comprehensive-social-media-management-39549276
Freelancer.com,Blog Site Development on WordPress,Mixed,"HTML, PHP, SEO, Website Design, WordPress",Fixed,19,Worldwide,Short-term,https://www.freelancer.com/projects/wordpress/blog-site-development-wordpress
Freelancer.com,Sell High-Impact Patent-Pending Inventions,Mixed,"Business Development, Intellectual Property Law, Market Research, Marketing, Patents",Fixed,21089,Worldwide,Short-term,https://www.freelancer.com/projects/patents/sell-high-impact-patent-pending
Freelancer.com,Covert 80 PHP Pages POS System  to React,Mixed,"API, PHP, React.js, REST API, Tailwind CSS, Web API",Fixed,466,Worldwide,Short-term,https://www.freelancer.com/projects/php/covert-php-pages-pos-system
Freelancer.com,Event Video Editing,Mixed,"After Effects, Video Editing, Video Production, Video Services, Videography",Fixed,218,Worldwide,Short-term,https://www.freelancer.com/projects/video-services/event-video-editing-39549270
Freelancer.com,Lead Gen Specialist for Video Services,Mixed,"Email Marketing, Facebook Marketing, Inside Sales, Internet Marketing, Lead Generation, Leads, Marketing, Sales, Social Media Marketing, YouTube",Fixed,242,Worldwide,Short-term,https://www.freelancer.com/projects/facebook-marketing/lead-gen-specialist-for-video
Freelancer.com,ERP Sales Partner on Commission basis (India),Mixed,"B2B Marketing, Branding, Digital Marketing, Enterprise Sales Management, ERP, Lead Generation, Market Analysis, Market Sizing, SaaS Sales, Social Media Marketing",Fixed,263,Worldwide,Short-term,https://www.freelancer.com/projects/b2b-marketing/erp-sales-partner-commission-basis
Freelancer.com,Modern Product Ad Image,Mixed,"Banner Design, Graphic Design, Illustrator, Photoshop, Photoshop Design",Fixed,12,Worldwide,Short-term,https://www.freelancer.com/projects/graphic-design/modern-product-image
Freelancer.com,Minimalist Script Logo for SwiftAI,Mixed,"Graphic Design, Icon Design, Illustrator, Photoshop",Fixed,14,Worldwide,Short-term,https://www.freelancer.com/projects/graphic-design/minimalist-script-logo-for-swiftai
Freelancer.com,B2B Lead Generation Telecaller,Mixed,"Customer Service, Customer Support, Leads, Sales, Technology Sales, Telemarketing",Fixed,93,Worldwide,Short-term,https://www.freelancer.com/projects/customer-service/lead-generation-telecaller
Freelancer.com,Looking for Work in Visual Components,Mixed,"3D Modelling, Blender",Fixed,29,Worldwide,Short-term,https://www.freelancer.com/projects/blender/looking-for-work-visual-components
Freelancer.com,Logo Design for Skineral - A Himalayan Skincare Brand,Mixed,"3D Design, Graphic Design, Illustrator, Logo Design, Photoshop",Fixed,20,Worldwide,Short-term,https://www.freelancer.com/contest/logo-design-for-skineral-a-himalayan-skincare-brand-2581102
Freelancer.com,Restore CraftCMS Website,Mixed,"Graphic Design, HTML, MySQL, PHP, Website Design",Fixed,80,Worldwide,Short-term,https://www.freelancer.com/projects/php/restore-craftcms-website
Freelancer.com,Kid Voice Over for Animation,Mixed,"Animation, Audio Production, Audio Services, Commercials, Voice Talent",Fixed,250,Worldwide,Short-term,https://www.freelancer.com/projects/voice-talent/kid-voice-over-for-animation
Freelancer.com,Mediation Centre Marketing Campaign,Mixed,"Facebook Marketing, Internet Marketing, Marketing, SEO, Social Media Marketing",Fixed,18,Worldwide,Short-term,https://www.freelancer.com/projects/internet-marketing/mediation-centre-marketing-campaign-39549237
